{
  "train_loss": [
    1.603129129653575,
    1.2780189285993715,
    1.1382596471883348,
    1.0548537715836943,
    1.0000356015552294,
    0.9526367613611916,
    0.928350342605115,
    0.897033528581617,
    0.8747630882686797,
    0.8578203397765082,
    0.8463444216860895,
    0.8291783132253902,
    0.8247825273974024,
    0.8081821693263851,
    0.7985478127477798,
    0.7907321041125238,
    0.7807223002867393,
    0.777309624057051,
    0.7718766378876705,
    0.7651934381134752,
    0.7560270876239311,
    0.7571969805610604,
    0.7491139776436361,
    0.741166797476136,
    0.741117961789739,
    0.7366195567589743,
    0.7299141092120113,
    0.7261408194409164,
    0.7187570540459226,
    0.7166841561334981
  ],
  "train_acc": [
    0.419069067200856,
    0.5586467755782558,
    0.6112030458747558,
    0.6400940637792238,
    0.6589565888193503,
    0.6765997685732416,
    0.6848490127035871,
    0.6961839469460378,
    0.704122133605405,
    0.7114008784262981,
    0.7162658172723992,
    0.7194510457752175,
    0.7210436600266266,
    0.727426559331102,
    0.729566634731433,
    0.732540344153986,
    0.738052282539722,
    0.7368578218511652,
    0.7399559542621095,
    0.741399260927449,
    0.7456794117281109,
    0.7455176618432021,
    0.7468365455201503,
    0.7492130245984248,
    0.750444812183499,
    0.7522987147105299,
    0.7536424829851563,
    0.7543019248236305,
    0.7572009804531485,
    0.7587562678080402
  ],
  "val_loss": [
    1.2622488385472836,
    1.0908999378126598,
    0.9995122011108496,
    0.9004581486523989,
    0.8399189437478141,
    0.8354703276543068,
    0.8096998675527673,
    0.7458133678128392,
    0.7227682188514937,
    0.7091194552946639,
    0.7866242727866752,
    0.6964293058679129,
    0.7163285047885308,
    0.6640635305768369,
    0.6817652803723813,
    0.6482917787568825,
    0.6305618120145194,
    0.6790103783328945,
    0.6948374023062055,
    0.6375591856596321,
    0.6292296085550372,
    0.6467130151779003,
    0.5967507596672682,
    0.6465065407913579,
    0.6422149105266389,
    0.5850194565525261,
    0.6011197522305096,
    0.57567720656998,
    0.5586949811899874,
    0.5847719122538125
  ],
  "val_acc": [
    0.5564975031935896,
    0.6220531877830682,
    0.6551503890372778,
    0.6894669608640112,
    0.7176866798281268,
    0.7132737196608988,
    0.7203576820346069,
    0.74799674834514,
    0.7509000116130531,
    0.7603646498664499,
    0.7379514574381605,
    0.7651260016258274,
    0.7585646266403437,
    0.7727906166531181,
    0.7705841365695041,
    0.7820810591104401,
    0.7864359540123098,
    0.7719777029381024,
    0.7672163511787249,
    0.787132737196609,
    0.7881198467076994,
    0.781152014864708,
    0.8006619440250842,
    0.7839391476019045,
    0.7838230170711881,
    0.8019393798629659,
    0.794216699570317,
    0.80548136104982,
    0.8122749970967368,
    0.8001974219022181
  ]
}