{
  "train_loss": [
    1.6170064073009955,
    1.102359524219915,
    0.8647392312590227,
    0.7247482598142357,
    0.6353379016870573,
    0.5581348056101787,
    0.5064057017124386,
    0.464503427019988,
    0.41721995700488584,
    0.39011451704177186,
    0.3582770933769233,
    0.33139110863623333,
    0.3149564955914028,
    0.293495322705573,
    0.27748967418203907,
    0.26163947913581614,
    0.24598753068809942,
    0.2315346527592934,
    0.21887155775490136,
    0.214305666672749,
    0.14089873188935106,
    0.12337296337967951,
    0.1158168126516017,
    0.11223732614921839,
    0.10782568580851001,
    0.10183249638223388,
    0.07636378655632327,
    0.07042353450845948,
    0.06444463923904813
  ],
  "train_acc": [
    0.4102599196227495,
    0.6233591718405893,
    0.7115750706100459,
    0.7634096875738762,
    0.7914173022607657,
    0.8179940525811549,
    0.8336962337161414,
    0.8485772231277451,
    0.8650757113884361,
    0.8719189757499596,
    0.8844234860832888,
    0.8916897886053428,
    0.8978487265307138,
    0.9040574336514414,
    0.9098306603127994,
    0.9149071182391658,
    0.9197720570852671,
    0.9240770924836073,
    0.9290664543180999,
    0.9304351071904045,
    0.9543243209615409,
    0.9601846437147727,
    0.962436699804656,
    0.963929775665352,
    0.964862948078287,
    0.9672643117542397,
    0.975961478642794,
    0.9781762078361598,
    0.9793955531223949
  ],
  "val_loss": [
    1.4409072891564725,
    1.0476072815607793,
    0.8691463161256862,
    0.7524771151566475,
    0.6217213228436633,
    0.6058634931984962,
    0.5697846102868205,
    0.5382348416266493,
    0.5166936821810751,
    0.45718235323330403,
    0.4352245783257458,
    0.5174858123055389,
    0.45208624441917733,
    0.49984305259478434,
    0.4137175712051354,
    0.6554903511025878,
    0.5237082887119483,
    0.42724489906138485,
    0.5101133214134385,
    0.46222026626928914,
    0.40559552684158084,
    0.4802868874033435,
    0.4735127246147276,
    0.4435433141429476,
    0.4544829569385797,
    0.4456589164986952,
    0.4268619929310642,
    0.45292058904444266,
    0.48803216427200785
  ],
  "val_acc": [
    0.510393682499129,
    0.6557891069562188,
    0.7103123911276275,
    0.7617001509696899,
    0.8017071188015329,
    0.8089652769713157,
    0.8180234583672047,
    0.832249448379979,
    0.8372430612007897,
    0.857856230402973,
    0.8657531064916967,
    0.840843107653002,
    0.8621530600394843,
    0.8575078388108234,
    0.8717338288235977,
    0.8264429218441528,
    0.8553594239925676,
    0.8787597259319475,
    0.8610498199976774,
    0.8690047613517594,
    0.8933341075368715,
    0.8812565323423528,
    0.8823597723841597,
    0.8898501916153757,
    0.8868888630821042,
    0.8920566716989896,
    0.8979212635001742,
    0.8955986528858437,
    0.8927534548832888
  ]
}